--  ==============================================================*/
--   Nom de SGBD :  PostgreSQL 7.3                                */
--   Date de création :  13/11/2008 12:49:30                      */
--  ==============================================================*/

-- ==============================================================*/                      */
--  Date de création :  06/11/2008 13:32:50                      */
-- ==============================================================*/

create schema Ctrl3_sucrerie;
set search_path=Ctrl3_sucrerie;

--  ==============================================================*/
--   Table : CLIENTS                                              */
--  ==============================================================*/
create table CLIENTS (
CODECLIENT           INT8                 not null,
NOMCLIENT            VARCHAR(35)          null,
PRECLIENT       	 VARCHAR(35)          null,
ADRCLIENT            VARCHAR(50)          null,
CPCLIENT             CHAR(5)              null,
VILLECLIENT          VARCHAR(25)          null,
TELCLIENT            CHAR(16)             null,
constraint PK_CLIENTS primary key (CODECLIENT)
);


--  ==============================================================*/
--   Table : COMMANDES                                            */
--  ==============================================================*/
create table COMMANDES (
NUMCMDE              INT8                 not null,
CODECLIENT           INT8                 null,
CODEVENDEUR          INT8                 null,
DATELIV              DATE                 null,
DATECMDE             DATE                 null,
TOTHT                FLOAT8               null,
TOTTVA               FLOAT8               null,
ETAT_DE_LA_COMMANDE  INT2                 null,
constraint PK_COMMANDES primary key (NUMCMDE)
);


--  ==============================================================*/
--   Table : LIGNES_COMMANDE                                      */
--  ==============================================================*/
create table LIGNES_COMMANDE (
NUMCMDE              INT8                 not null,
NUMLIGNE             INT4                 not null,
REF                  CHAR(4)              null,
QTDEMANDE            INT4                 null,
constraint PK_LIGNES_COMMANDE primary key (NUMCMDE, NUMLIGNE)
);


--  ==============================================================*/
--   Table : PRODUITS                                             */
--  ==============================================================*/
create table PRODUITS (
REF                  CHAR(4)              not null,
DESIGNATION          CHAR(30)             null,
QTE		             INT8                 null,
DESCRIPTIF           CHAR(1)              null,
PUHT                 FLOAT8               null,
STOCK		         FLOAT8               null,
POIDSPIECE           FLOAT8               null,
constraint PK_PRODUITS primary key (REF)
);



--  ==============================================================*/
--   Table : VENDEURS                                             */
--  ==============================================================*/
create table VENDEURS (
CODEVENDEUR          INT8                 not null,
NOMVENDEUR           VARCHAR(35)          null,
PREVENDEUR           VARCHAR(35)          null,
ADRVENDEUR           VARCHAR(40)          null,
CPVENDEUR            CHAR(5)              null,
VILLEVENDEUR         VARCHAR(30)          null,
TELVENDEUR           CHAR(16)             null,
constraint PK_VENDEURS primary key (CODEVENDEUR)
);



alter table COMMANDES
   add constraint FK_COMMANDE_REF_56_CLIENTS foreign key (CODECLIENT)
      references CLIENTS (CODECLIENT)
      on delete restrict on update restrict;

alter table COMMANDES
   add constraint FK_COMMANDE_REF_65_VENDEURS foreign key (CODEVENDEUR)
      references VENDEURS (CODEVENDEUR)
      on delete restrict on update restrict;

alter table LIGNES_COMMANDE
   add constraint FK_LIGNES_C_REF_59_COMMANDE foreign key (NUMCMDE)
      references COMMANDES (NUMCMDE)
      on delete restrict on update restrict;

alter table LIGNES_COMMANDE
   add constraint FK_LIGNES_C_REF_62_PRODUITS foreign key (REF)
      references PRODUITS (REF)
      on delete restrict on update restrict;

	  

INSERT INTO clients (CODECLIENT, NOMCLIENT, PRECLIENT, ADRCLIENT, CPCLIENT, VILLECLIENT, TELCLIENT) VALUES(17, 'TARINAUX', 'Lucien', '12 ,rue de la Justice', '51100', 'REIMS', '03.26.25.48.87');
INSERT INTO clients (CODECLIENT, NOMCLIENT, PRECLIENT, ADRCLIENT, CPCLIENT, VILLECLIENT, TELCLIENT) VALUES(46, 'MARTUSE', 'Henri', '103 ,avenue Lear', '51100', 'REIMS', '03.26.03.25.26');
INSERT INTO clients (CODECLIENT, NOMCLIENT, PRECLIENT, ADRCLIENT, CPCLIENT, VILLECLIENT, TELCLIENT) VALUES(47, 'RABIN', 'Sandrine', '21 ,rue de la Mediterranee', '51100', 'REIMS', '03.26.14.15.25');
INSERT INTO clients (CODECLIENT, NOMCLIENT, PRECLIENT, ADRCLIENT, CPCLIENT, VILLECLIENT, TELCLIENT) VALUES(48, 'SILLARD', 'Laurence', '15, rue Pasentiers', '51100', 'REIMS', '03.26.11.11.25');
INSERT INTO clients (CODECLIENT, NOMCLIENT, PRECLIENT, ADRCLIENT, CPCLIENT, VILLECLIENT, TELCLIENT) VALUES(49, 'COTOY', 'Sylvie', '12 ,rue des ecus', '51100', 'REIMS', '03.26.10.25.75');
INSERT INTO clients (CODECLIENT, NOMCLIENT, PRECLIENT, ADRCLIENT, CPCLIENT, VILLECLIENT, TELCLIENT) VALUES(50, 'HELLOU', 'Bernard', '21 ,rue de la Mediterranee', '51100', 'REIMS', '03.26.12.25.42');
INSERT INTO clients (CODECLIENT, NOMCLIENT, PRECLIENT, ADRCLIENT, CPCLIENT, VILLECLIENT, TELCLIENT) VALUES(51, 'HENTION', 'Martine', '50 ,allee des bons enfants', '51100', 'REIMS', '03.26.12.25.86');
INSERT INTO clients (CODECLIENT, NOMCLIENT, PRECLIENT, ADRCLIENT, CPCLIENT, VILLECLIENT, TELCLIENT) VALUES(52, 'SIBAT', 'Evelyne', '14 ,rue de la Baltique', '51100', 'REIMS', '03.26.12.23.33');
INSERT INTO clients (CODECLIENT, NOMCLIENT, PRECLIENT, ADRCLIENT, CPCLIENT, VILLECLIENT, TELCLIENT) VALUES(53, 'MARIN', 'Dominique', '24,rue de la Baltique', '51100', 'REIMS', '03.26.10.10.23');
INSERT INTO clients (CODECLIENT, NOMCLIENT, PRECLIENT, ADRCLIENT, CPCLIENT, VILLECLIENT, TELCLIENT) VALUES(54, 'DURDUX', 'Monique', '15, allee des Bearnais', '51150', 'VITRY LE FRANCOIS', '03.26.42.42.33');
INSERT INTO clients (CODECLIENT, NOMCLIENT, PRECLIENT, ADRCLIENT, CPCLIENT, VILLECLIENT, TELCLIENT) VALUES(55, 'CANILLE', 'Walter', '14, rue Lanterneau', '51100', 'REIMS', '03.26.12.12.87');
INSERT INTO clients (CODECLIENT, NOMCLIENT, PRECLIENT, ADRCLIENT, CPCLIENT, VILLECLIENT, TELCLIENT) VALUES(56, 'BOUQUET', 'Antoinette', '1, rue de la Mediterranee', '51140', 'ROMAIN', '03.26.78.89.54');
INSERT INTO clients (CODECLIENT, NOMCLIENT, PRECLIENT, ADRCLIENT, CPCLIENT, VILLECLIENT, TELCLIENT) VALUES(57, 'GAUTON', 'Nadine', '5 ,place des Oiseaux', '51200', 'FISMES', '03.26.53.56.55');
INSERT INTO clients (CODECLIENT, NOMCLIENT, PRECLIENT, ADRCLIENT, CPCLIENT, VILLECLIENT, TELCLIENT) VALUES(58, 'LEGROS', 'Christian', '18, place des Oiseaux', '51200', 'FISMES', '03.26.44.55.66');
INSERT INTO clients (CODECLIENT, NOMCLIENT, PRECLIENT, ADRCLIENT, CPCLIENT, VILLECLIENT, TELCLIENT) VALUES(59, 'DUMOITIERS', 'Lucille', '12 ,place Centrale', '2320', 'LONGUEVAL', '03.26.86.43.25');
INSERT INTO clients (CODECLIENT, NOMCLIENT, PRECLIENT, ADRCLIENT, CPCLIENT, VILLECLIENT, TELCLIENT) VALUES(60, 'BOUCHE', 'Carole', '4, rue Brule', '51200', 'FISMES', '03.26.33.96.85');



INSERT INTO produits (REF, DESIGNATION, QTE, DESCRIPTIF, PUHT, STOCK, POIDSPIECE) VALUES('1004', 'FEU DE JOIE LIQUEUR ASSORT.', 500, 'G', 23, 50, 0);
INSERT INTO produits (REF, DESIGNATION, QTE, DESCRIPTIF, PUHT, STOCK, POIDSPIECE) VALUES('1007', 'TENDRE FRUIT', 500, 'G', 18, 120, 0);
INSERT INTO produits (REF, DESIGNATION, QTE, DESCRIPTIF, PUHT, STOCK, POIDSPIECE) VALUES('1015', 'CARACAO', 500, 'G', 24, 50, 0);
INSERT INTO produits (REF, DESIGNATION, QTE, DESCRIPTIF, PUHT, STOCK, POIDSPIECE) VALUES('1016', 'COKTAIL', 500, 'G', 33, 40, 0);
INSERT INTO produits (REF, DESIGNATION, QTE, DESCRIPTIF, PUHT, STOCK, POIDSPIECE) VALUES('1017', 'ORFIN', 500, 'G', 32, 40, 0);
INSERT INTO produits (REF, DESIGNATION, QTE, DESCRIPTIF, PUHT, STOCK, POIDSPIECE) VALUES('3002', 'CARRE PECTO', 500, 'G', 29, 40, 0);
INSERT INTO produits (REF, DESIGNATION, QTE, DESCRIPTIF, PUHT, STOCK, POIDSPIECE) VALUES('3004', 'ZAN ALESAN', 25, 'P', 15, 50, 20);
INSERT INTO produits (REF, DESIGNATION, QTE, DESCRIPTIF, PUHT, STOCK, POIDSPIECE) VALUES('3010', 'PATES GRISES', 500, 'G', 35, 100, 0);
INSERT INTO produits (REF, DESIGNATION, QTE, DESCRIPTIF, PUHT, STOCK, POIDSPIECE) VALUES('3016', 'CARAMEL AU LAIT', 500, 'G', 20, 100, 0);
INSERT INTO produits (REF, DESIGNATION, QTE, DESCRIPTIF, PUHT, STOCK, POIDSPIECE) VALUES('3017', 'VIOLETTE TRADITION', 500, 'G', 25, 100, 0);
INSERT INTO produits (REF, DESIGNATION, QTE, DESCRIPTIF, PUHT, STOCK, POIDSPIECE) VALUES('4002', 'SUCETTE BOULE FRUIT', 25, 'P', 14, 100, 40);
INSERT INTO produits (REF, DESIGNATION, QTE, DESCRIPTIF, PUHT, STOCK, POIDSPIECE) VALUES('4004', 'SUCETTE BOULE POP', 25, 'P', 21, 50, 40);
INSERT INTO produits (REF, DESIGNATION, QTE, DESCRIPTIF, PUHT, STOCK, POIDSPIECE) VALUES('4010', 'CARAMBAR', 40, 'P', 18, 20, 15);
INSERT INTO produits (REF, DESIGNATION, QTE, DESCRIPTIF, PUHT, STOCK, POIDSPIECE) VALUES('4011', 'CARANOUGA', 40, 'P', 18, 100, 15);
INSERT INTO produits (REF, DESIGNATION, QTE, DESCRIPTIF, PUHT, STOCK, POIDSPIECE) VALUES('4012', 'CARAMBAR FRUIT', 40, 'P', 18, 100, 15);
INSERT INTO produits (REF, DESIGNATION, QTE, DESCRIPTIF, PUHT, STOCK, POIDSPIECE) VALUES('4013', 'CARAMBAR COLA', 40, 'P', 18, 50, 15);
INSERT INTO produits (REF, DESIGNATION, QTE, DESCRIPTIF, PUHT, STOCK, POIDSPIECE) VALUES('4015', 'SOURIS REGLISSE', 500, 'G', 24, 50, 0);
INSERT INTO produits (REF, DESIGNATION, QTE, DESCRIPTIF, PUHT, STOCK, POIDSPIECE) VALUES('4016', 'SOURIS CHOCO', 500, 'G', 24, 50, 0);
INSERT INTO produits (REF, DESIGNATION, QTE, DESCRIPTIF, PUHT, STOCK, POIDSPIECE) VALUES('4019', 'SCHTROUMPFS VERTS', 500, 'G', 24, 50, 0);
INSERT INTO produits (REF, DESIGNATION, QTE, DESCRIPTIF, PUHT, STOCK, POIDSPIECE) VALUES('4020', 'CROCODILE', 500, 'G', 21, 50, 0);
INSERT INTO produits (REF, DESIGNATION, QTE, DESCRIPTIF, PUHT, STOCK, POIDSPIECE) VALUES('4022', 'PERSICA', 500, 'G', 28, 20, 0);
INSERT INTO produits (REF, DESIGNATION, QTE, DESCRIPTIF, PUHT, STOCK, POIDSPIECE) VALUES('4025', 'COLA CITRIQUE', 500, 'G', 21, 50, 0);
INSERT INTO produits (REF, DESIGNATION, QTE, DESCRIPTIF, PUHT, STOCK, POIDSPIECE) VALUES('4026', 'COLA LISSE', 500, 'G', 25, 50, 0);
INSERT INTO produits (REF, DESIGNATION, QTE, DESCRIPTIF, PUHT, STOCK, POIDSPIECE) VALUES('4027', 'BANANE', 1000, 'G', 23, 20, 0);
INSERT INTO produits (REF, DESIGNATION, QTE, DESCRIPTIF, PUHT, STOCK, POIDSPIECE) VALUES('4029', 'OEUF SUR LE PLAT', 500, 'G', 25, 20, 0);
INSERT INTO produits (REF, DESIGNATION, QTE, DESCRIPTIF, PUHT, STOCK, POIDSPIECE) VALUES('4030', 'FRAISIBUS', 500, 'G', 25, 50, 0);
INSERT INTO produits (REF, DESIGNATION, QTE, DESCRIPTIF, PUHT, STOCK, POIDSPIECE) VALUES('4031', 'FRAISE TSOIN-TSOIN', 500, 'G', 25, 40, 0);
INSERT INTO produits (REF, DESIGNATION, QTE, DESCRIPTIF, PUHT, STOCK, POIDSPIECE) VALUES('4032', 'METRE REGLISSE ROULE', 500, 'G', 19, 50, 0);
INSERT INTO produits (REF, DESIGNATION, QTE, DESCRIPTIF, PUHT, STOCK, POIDSPIECE) VALUES('4033', 'MAXI COCOBAT', 1000, 'G', 19, 20, 0);
INSERT INTO produits (REF, DESIGNATION, QTE, DESCRIPTIF, PUHT, STOCK, POIDSPIECE) VALUES('4034', 'DENTS VAMPIRE', 500, 'G', 22, 50, 0);
INSERT INTO produits (REF, DESIGNATION, QTE, DESCRIPTIF, PUHT, STOCK, POIDSPIECE) VALUES('4036', 'LANGUE COLA CITRIQUE', 500, 'G', 21, 40, 0);
INSERT INTO produits (REF, DESIGNATION, QTE, DESCRIPTIF, PUHT, STOCK, POIDSPIECE) VALUES('4037', 'OURSON CANDI', 1000, 'G', 21, 50, 0);
INSERT INTO produits (REF, DESIGNATION, QTE, DESCRIPTIF, PUHT, STOCK, POIDSPIECE) VALUES('4039', 'SERPENT ACIDULE', 500, 'G', 21, 20, 0);
INSERT INTO produits (REF, DESIGNATION, QTE, DESCRIPTIF, PUHT, STOCK, POIDSPIECE) VALUES('4042', 'TETINE CANDI', 500, 'G', 20, 40, 0);
INSERT INTO produits (REF, DESIGNATION, QTE, DESCRIPTIF, PUHT, STOCK, POIDSPIECE) VALUES('4045', 'COLLIER PECCOS', 15, 'P', 21, 50, 50);
INSERT INTO produits (REF, DESIGNATION, QTE, DESCRIPTIF, PUHT, STOCK, POIDSPIECE) VALUES('4052', 'TWIST ASSORTIS', 500, 'G', 22, 50, 0);
INSERT INTO produits (REF, DESIGNATION, QTE, DESCRIPTIF, PUHT, STOCK, POIDSPIECE) VALUES('4053', 'OURSON GUIMAUVE', 500, 'G', 35, 10, 0);
INSERT INTO produits (REF, DESIGNATION, QTE, DESCRIPTIF, PUHT, STOCK, POIDSPIECE) VALUES('4054', 'BOULE COCO MULER', 500, 'G', 34, 10, 0);
INSERT INTO produits (REF, DESIGNATION, QTE, DESCRIPTIF, PUHT, STOCK, POIDSPIECE) VALUES('4055', 'COCOMALLOW', 500, 'G', 33, 10, 0);
INSERT INTO produits (REF, DESIGNATION, QTE, DESCRIPTIF, PUHT, STOCK, POIDSPIECE) VALUES('4057', 'CRIC-CRAC', 500, 'G', 33, 10, 0);


INSERT INTO vendeurs (CODEVENDEUR, NOMVENDEUR, PREVENDEUR, ADRVENDEUR, CPVENDEUR, VILLEVENDEUR, TELVENDEUR) VALUES(15, 'FILLARD', 'Sylvain', '77 rue du l''Adriatique', '51100', 'REIMS', '03.26.12.25.25');
INSERT INTO vendeurs (CODEVENDEUR, NOMVENDEUR, PREVENDEUR, ADRVENDEUR, CPVENDEUR, VILLEVENDEUR, TELVENDEUR) VALUES(17, 'BAUDOT', 'Marc', '16 rue de Reims', '51000', 'CHALONS EN CHAMPAGNE', '03.26.10.58.59');


INSERT INTO commandes (NUMCMDE, CODEVENDEUR, CODECLIENT, DATELIV, DATECMDE, TOTHT, TOTTVA, ETAT_DE_LA_COMMANDE) VALUES(10178, 15, 47, '1998-09-05', '1998-09-05', 177, 9, 1);
INSERT INTO commandes (NUMCMDE, CODEVENDEUR, CODECLIENT, DATELIV, DATECMDE, TOTHT, TOTTVA, ETAT_DE_LA_COMMANDE)  VALUES(10179, 15, 47, '1998-10-13', '1998-10-13', 192, 10, 1);
INSERT INTO commandes (NUMCMDE, CODEVENDEUR, CODECLIENT, DATELIV, DATECMDE, TOTHT, TOTTVA, ETAT_DE_LA_COMMANDE)  VALUES(10180, 15, 48, '1998-10-10', '1998-10-10', 98, 5, 1);
INSERT INTO commandes (NUMCMDE, CODEVENDEUR, CODECLIENT, DATELIV, DATECMDE, TOTHT, TOTTVA, ETAT_DE_LA_COMMANDE)  VALUES(10181, 15, 49, '1998-10-11', '1998-10-11', 175, 9, 1);
INSERT INTO commandes (NUMCMDE, CODEVENDEUR, CODECLIENT, DATELIV, DATECMDE, TOTHT, TOTTVA, ETAT_DE_LA_COMMANDE)  VALUES(10182, 15, 50, '1998-10-11', '1998-10-11', 116, 6, 1);
INSERT INTO commandes (NUMCMDE, CODEVENDEUR, CODECLIENT, DATELIV, DATECMDE, TOTHT, TOTTVA, ETAT_DE_LA_COMMANDE)  VALUES(10183, 15, 51, '1998-10-11', '1998-10-11', 118, 6, 1);
INSERT INTO commandes (NUMCMDE, CODEVENDEUR, CODECLIENT, DATELIV, DATECMDE, TOTHT, TOTTVA, ETAT_DE_LA_COMMANDE) VALUES(10184, 15, 52, '1998-10-12', '1998-10-12', 102, 5, 1);
INSERT INTO commandes (NUMCMDE, CODEVENDEUR, CODECLIENT, DATELIV, DATECMDE, TOTHT, TOTTVA, ETAT_DE_LA_COMMANDE)  VALUES(10185, 15, 53, '1998-10-12', '1998-10-12', 19, 1, 1);
INSERT INTO commandes (NUMCMDE, CODEVENDEUR, CODECLIENT, DATELIV, DATECMDE, TOTHT, TOTTVA, ETAT_DE_LA_COMMANDE)  VALUES(10186, 15, 54, '1998-10-10', '1998-10-10', 101, 5, 1);
INSERT INTO commandes (NUMCMDE, CODEVENDEUR, CODECLIENT, DATELIV, DATECMDE, TOTHT, TOTTVA, ETAT_DE_LA_COMMANDE)  VALUES(10187, 15, 55, '1998-10-10', '1998-10-10', 65, 3, 1);
INSERT INTO commandes (NUMCMDE, CODEVENDEUR, CODECLIENT, DATELIV, DATECMDE, TOTHT, TOTTVA, ETAT_DE_LA_COMMANDE)  VALUES(10188, 17, 56, '1998-10-12', '1998-10-12', 121, 6, 1);
INSERT INTO commandes (NUMCMDE, CODEVENDEUR, CODECLIENT, DATELIV, DATECMDE, TOTHT, TOTTVA, ETAT_DE_LA_COMMANDE)  VALUES(10189, 17, 57, '1998-10-10', '1998-10-10', 110, 6, 1);
INSERT INTO commandes (NUMCMDE, CODEVENDEUR, CODECLIENT, DATELIV, DATECMDE, TOTHT, TOTTVA, ETAT_DE_LA_COMMANDE)  VALUES(10190, 17, 58, '1998-10-13', '1998-10-13', 123, 6, 1);
INSERT INTO commandes (NUMCMDE, CODEVENDEUR, CODECLIENT, DATELIV, DATECMDE, TOTHT, TOTTVA, ETAT_DE_LA_COMMANDE)  VALUES(10191, 17, 59, '1998-10-13', '1998-10-13', 107, 5, 1);
INSERT INTO commandes (NUMCMDE, CODEVENDEUR, CODECLIENT, DATELIV, DATECMDE, TOTHT, TOTTVA, ETAT_DE_LA_COMMANDE)  VALUES(10192, 17, 60, '1998-11-10', '1998-11-10', 237, 13, 1);


INSERT INTO lignes_commande (NUMCMDE, NUMLIGNE, REF, QTDEMANDE) VALUES(10178, 1, '4015', 1);
INSERT INTO lignes_commande (NUMCMDE, NUMLIGNE, REF, QTDEMANDE) VALUES(10178, 2, '4025', 1);
INSERT INTO lignes_commande (NUMCMDE, NUMLIGNE, REF, QTDEMANDE) VALUES(10178, 3, '4031', 1);
INSERT INTO lignes_commande (NUMCMDE, NUMLIGNE, REF, QTDEMANDE) VALUES(10178, 4, '4036', 1);
INSERT INTO lignes_commande (NUMCMDE, NUMLIGNE, REF, QTDEMANDE) VALUES(10178, 5, '4004', 1);
INSERT INTO lignes_commande (NUMCMDE, NUMLIGNE, REF, QTDEMANDE) VALUES(10178, 6, '4053', 1);
INSERT INTO lignes_commande (NUMCMDE, NUMLIGNE, REF, QTDEMANDE) VALUES(10178, 7, '4042', 1);
INSERT INTO lignes_commande (NUMCMDE, NUMLIGNE, REF, QTDEMANDE) VALUES(10179, 1, '4031', 1);
INSERT INTO lignes_commande (NUMCMDE, NUMLIGNE, REF, QTDEMANDE) VALUES(10179, 2, '4032', 1);
INSERT INTO lignes_commande (NUMCMDE, NUMLIGNE, REF, QTDEMANDE) VALUES(10179, 3, '4037', 1);
INSERT INTO lignes_commande (NUMCMDE, NUMLIGNE, REF, QTDEMANDE) VALUES(10179, 4, '4002', 1);
INSERT INTO lignes_commande (NUMCMDE, NUMLIGNE, REF, QTDEMANDE) VALUES(10179, 5, '4054', 1);
INSERT INTO lignes_commande (NUMCMDE, NUMLIGNE, REF, QTDEMANDE) VALUES(10179, 6, '4057', 1);
INSERT INTO lignes_commande (NUMCMDE, NUMLIGNE, REF, QTDEMANDE) VALUES(10179, 7, '1007', 2);
INSERT INTO lignes_commande (NUMCMDE, NUMLIGNE, REF, QTDEMANDE) VALUES(10180, 1, '4053', 1);
INSERT INTO lignes_commande (NUMCMDE, NUMLIGNE, REF, QTDEMANDE) VALUES(10180, 2, '4055', 1);
INSERT INTO lignes_commande (NUMCMDE, NUMLIGNE, REF, QTDEMANDE) VALUES(10180, 3, '3016', 1);
INSERT INTO lignes_commande (NUMCMDE, NUMLIGNE, REF, QTDEMANDE) VALUES(10181, 1, '4020', 1);
INSERT INTO lignes_commande (NUMCMDE, NUMLIGNE, REF, QTDEMANDE) VALUES(10181, 2, '4026', 1);
INSERT INTO lignes_commande (NUMCMDE, NUMLIGNE, REF, QTDEMANDE) VALUES(10181, 3, '4045', 1);
INSERT INTO lignes_commande (NUMCMDE, NUMLIGNE, REF, QTDEMANDE) VALUES(10181, 4, '4002', 2);
INSERT INTO lignes_commande (NUMCMDE, NUMLIGNE, REF, QTDEMANDE) VALUES(10181, 5, '4012', 2);
INSERT INTO lignes_commande (NUMCMDE, NUMLIGNE, REF, QTDEMANDE) VALUES(10181, 6, '4054', 1);
INSERT INTO lignes_commande (NUMCMDE, NUMLIGNE, REF, QTDEMANDE) VALUES(10182, 1, '4034', 1);
INSERT INTO lignes_commande (NUMCMDE, NUMLIGNE, REF, QTDEMANDE) VALUES(10182, 2, '4012', 1);
INSERT INTO lignes_commande (NUMCMDE, NUMLIGNE, REF, QTDEMANDE) VALUES(10182, 3, '4055', 1);
INSERT INTO lignes_commande (NUMCMDE, NUMLIGNE, REF, QTDEMANDE) VALUES(10182, 4, '4057', 1);
INSERT INTO lignes_commande (NUMCMDE, NUMLIGNE, REF, QTDEMANDE) VALUES(10183, 1, '4025', 1);
INSERT INTO lignes_commande (NUMCMDE, NUMLIGNE, REF, QTDEMANDE) VALUES(10183, 2, '4027', 1);
INSERT INTO lignes_commande (NUMCMDE, NUMLIGNE, REF, QTDEMANDE) VALUES(10183, 3, '4029', 1);
INSERT INTO lignes_commande (NUMCMDE, NUMLIGNE, REF, QTDEMANDE) VALUES(10183, 4, '4039', 1);
INSERT INTO lignes_commande (NUMCMDE, NUMLIGNE, REF, QTDEMANDE) VALUES(10183, 5, '4013', 1);
INSERT INTO lignes_commande (NUMCMDE, NUMLIGNE, REF, QTDEMANDE) VALUES(10184, 1, '4025', 1);
INSERT INTO lignes_commande (NUMCMDE, NUMLIGNE, REF, QTDEMANDE) VALUES(10184, 2, '4031', 2);
INSERT INTO lignes_commande (NUMCMDE, NUMLIGNE, REF, QTDEMANDE) VALUES(10184, 3, '4004', 1);
INSERT INTO lignes_commande (NUMCMDE, NUMLIGNE, REF, QTDEMANDE) VALUES(10185, 1, '4002', 1);
INSERT INTO lignes_commande (NUMCMDE, NUMLIGNE, REF, QTDEMANDE) VALUES(10186, 1, '1016', 1);
INSERT INTO lignes_commande (NUMCMDE, NUMLIGNE, REF, QTDEMANDE) VALUES(10186, 2, '3002', 2);
INSERT INTO lignes_commande (NUMCMDE, NUMLIGNE, REF, QTDEMANDE) VALUES(10187, 1, '4015', 1);
INSERT INTO lignes_commande (NUMCMDE, NUMLIGNE, REF, QTDEMANDE) VALUES(10187, 2, '4010', 1);
INSERT INTO lignes_commande (NUMCMDE, NUMLIGNE, REF, QTDEMANDE) VALUES(10187, 3, '4011', 1);
INSERT INTO lignes_commande (NUMCMDE, NUMLIGNE, REF, QTDEMANDE) VALUES(10188, 1, '1016', 2);
INSERT INTO lignes_commande (NUMCMDE, NUMLIGNE, REF, QTDEMANDE) VALUES(10188, 2, '4052', 1);
INSERT INTO lignes_commande (NUMCMDE, NUMLIGNE, REF, QTDEMANDE) VALUES(10188, 3, '1004', 1);
INSERT INTO lignes_commande (NUMCMDE, NUMLIGNE, REF, QTDEMANDE) VALUES(10189, 1, '1017', 1);
INSERT INTO lignes_commande (NUMCMDE, NUMLIGNE, REF, QTDEMANDE) VALUES(10189, 2, '4016', 1);
INSERT INTO lignes_commande (NUMCMDE, NUMLIGNE, REF, QTDEMANDE) VALUES(10189, 3, '4031', 1);
INSERT INTO lignes_commande (NUMCMDE, NUMLIGNE, REF, QTDEMANDE) VALUES(10189, 4, '4033', 1);
INSERT INTO lignes_commande (NUMCMDE, NUMLIGNE, REF, QTDEMANDE) VALUES(10190, 1, '3010', 1);
INSERT INTO lignes_commande (NUMCMDE, NUMLIGNE, REF, QTDEMANDE) VALUES(10190, 2, '4015', 1);
INSERT INTO lignes_commande (NUMCMDE, NUMLIGNE, REF, QTDEMANDE) VALUES(10190, 3, '4032', 1);
INSERT INTO lignes_commande (NUMCMDE, NUMLIGNE, REF, QTDEMANDE) VALUES(10190, 4, '4053', 1);
INSERT INTO lignes_commande (NUMCMDE, NUMLIGNE, REF, QTDEMANDE) VALUES(10191, 1, '1016', 1);
INSERT INTO lignes_commande (NUMCMDE, NUMLIGNE, REF, QTDEMANDE) VALUES(10191, 2, '4052', 1);
INSERT INTO lignes_commande (NUMCMDE, NUMLIGNE, REF, QTDEMANDE) VALUES(10191, 3, '4013', 1);
INSERT INTO lignes_commande (NUMCMDE, NUMLIGNE, REF, QTDEMANDE) VALUES(10191, 4, '1015', 1);
INSERT INTO lignes_commande (NUMCMDE, NUMLIGNE, REF, QTDEMANDE) VALUES(10192, 1, '4025', 1);
INSERT INTO lignes_commande (NUMCMDE, NUMLIGNE, REF, QTDEMANDE) VALUES(10192, 2, '4030', 1);
INSERT INTO lignes_commande (NUMCMDE, NUMLIGNE, REF, QTDEMANDE) VALUES(10192, 3, '1017', 1);
INSERT INTO lignes_commande (NUMCMDE, NUMLIGNE, REF, QTDEMANDE) VALUES(10192, 4, '3016', 1);
INSERT INTO lignes_commande (NUMCMDE, NUMLIGNE, REF, QTDEMANDE) VALUES(10192, 5, '4031', 1);
INSERT INTO lignes_commande (NUMCMDE, NUMLIGNE, REF, QTDEMANDE) VALUES(10192, 6, '3017', 1);
INSERT INTO lignes_commande (NUMCMDE, NUMLIGNE, REF, QTDEMANDE) VALUES(10192, 7, '4022', 1);
INSERT INTO lignes_commande (NUMCMDE, NUMLIGNE, REF, QTDEMANDE) VALUES(10192, 8, '4052', 1);
INSERT INTO lignes_commande (NUMCMDE, NUMLIGNE, REF, QTDEMANDE) VALUES(10192, 9, '3004', 1);
INSERT INTO lignes_commande (NUMCMDE, NUMLIGNE, REF, QTDEMANDE) VALUES(10192, 10, '4019', 1);
